Gender,CGPA,Skills,Student_Department,Prior_Internship_Experience(Integer),Aptitude_Score,Communication_Skill_Score(out_of_10),Zoho_hired,Accenture_hired,IBM_hired,Cognizant_hired,Knows Coding Language
Female,7.6,"Problem Solving, C++, Communication, Java",MECH,2,95,4.5,Yes,No,Yes,Yes,No
Female,7.6,"Python, Java, Communication, Problem Solving",ECE,1,98,4.9,Yes,No,Yes,Yes,No
Female,9.0,"Problem Solving, C++, HTML/CSS, Java",AI & DS,2,65,7.7,Yes,Yes,No,Yes,No
Female,8.7,"C++, Communication",CSBS,1,85,5.0,Yes,Yes,Yes,Yes,No
Male,7.9,"HTML/CSS, Communication, Java",CSBS,0,51,6.0,Yes,Yes,Yes,Yes,No
Female,6.1,"HTML/CSS, Problem Solving, Teamwork",ECE,0,97,3.3,No,No,No,No,No
Male,9.6,"Teamwork, Python",CSBS,2,98,6.1,Yes,Yes,Yes,Yes,No
Female,8.5,"Problem Solving, Teamwork, JavaScript, C++",CSBS,2,96,9.8,Yes,Yes,Yes,Yes,No
Male,6.9,"Problem Solving, HTML/CSS",CCE,0,81,3.2,No,No,No,No,No
Female,8.3,"C++, Python",CSBS,2,86,8.3,Yes,Yes,Yes,Yes,No
Female,9.7,"Python, Java, Problem Solving, Teamwork",MECH,2,59,9.4,Yes,Yes,Yes,Yes,No
Male,9.7,"Communication, Java, JavaScript",AI & DS,1,98,4.4,Yes,Yes,Yes,Yes,No
Female,7.5,"Communication, JavaScript",MECH,2,89,3.5,Yes,Yes,Yes,Yes,No
Female,6.8,"C++, Communication, Teamwork",CCE,0,74,5.9,No,No,No,No,No
Male,8.1,"Teamwork, HTML/CSS, Python",MECH,0,86,3.2,Yes,Yes,Yes,Yes,No
Male,9.5,"HTML/CSS, Teamwork, C++",AI & ML,0,97,8.2,Yes,Yes,Yes,Yes,No
Female,7.6,Python,AI & ML,0,99,5.1,Yes,Yes,Yes,Yes,No
Male,8.3,"Python, C++, Java, Teamwork",ECE,0,51,8.3,No,Yes,No,Yes,No
Male,6.6,Python,MECH,1,66,9.4,No,No,No,No,No
Female,7.8,Teamwork,ECE,2,62,6.1,Yes,Yes,No,Yes,No
Male,7.3,"Problem Solving, Java, Communication",CCE,1,79,4.3,Yes,No,Yes,Yes,No
Female,9.5,"Java, Problem Solving, C++",CSBS,0,92,10.0,Yes,No,No,Yes,No
Male,7.5,"Python, JavaScript",CSBS,2,57,5.0,Yes,Yes,Yes,Yes,No
Female,6.8,"Java, Python, Teamwork, HTML/CSS",CCE,1,73,6.8,No,No,No,No,No
Female,7.3,"C++, Python, Problem Solving, Communication",CSBS,0,59,6.9,Yes,No,Yes,Yes,No
Male,6.2,"Teamwork, HTML/CSS, C++",AI & DS,2,82,3.4,No,No,No,No,No
Female,7.0,"HTML/CSS, Communication, Java",ECE,1,89,7.8,Yes,Yes,Yes,Yes,No
Male,9.8,"Problem Solving, Communication",AI & DS,0,64,9.8,Yes,Yes,Yes,No,No
Male,9.1,"Python, JavaScript, Communication, Teamwork",AI & ML,2,71,4.6,Yes,Yes,Yes,Yes,No
Female,9.3,"Teamwork, HTML/CSS, JavaScript",CSBS,2,83,6.1,Yes,Yes,Yes,Yes,No
Male,7.6,Java,CCE,2,71,9.9,Yes,Yes,Yes,No,No
Male,6.8,"HTML/CSS, Python, Problem Solving",AI & ML,1,85,6.9,No,No,No,No,No
Male,6.0,"C++, Java, Python",CCE,2,84,4.9,No,No,No,No,No
Male,8.5,Python,MECH,0,58,9.2,Yes,Yes,Yes,Yes,No
Male,6.6,"Communication, Java",CSBS,1,93,3.7,No,No,No,No,No
Female,6.7,Python,CSBS,1,65,5.7,No,No,No,No,No
Female,7.8,JavaScript,CSBS,0,90,6.5,Yes,Yes,Yes,Yes,No
Male,7.3,"JavaScript, Python, Java, Teamwork",AI & ML,1,66,3.6,Yes,Yes,Yes,Yes,No
Female,9.9,Communication,AI & ML,0,62,4.9,No,No,No,No,No
Female,9.0,"Communication, C++, Problem Solving",AI & DS,2,96,9.3,Yes,Yes,Yes,Yes,No
Male,7.0,"HTML/CSS, Java, Python, Teamwork",ECE,1,59,7.2,Yes,Yes,Yes,Yes,No
Male,8.8,Python,CCE,2,76,4.1,Yes,No,Yes,Yes,No
Male,9.4,"Java, Problem Solving",MECH,2,64,4.0,No,Yes,Yes,Yes,No
Female,6.5,"Java, Problem Solving, Teamwork",ECE,1,64,5.3,No,No,No,No,No
Male,9.8,"JavaScript, Java",MECH,2,70,6.5,Yes,Yes,No,Yes,No
Male,8.9,Python,ECE,1,97,7.2,Yes,Yes,Yes,Yes,No
Female,9.7,"Communication, HTML/CSS, Teamwork",AI & DS,1,56,7.8,Yes,Yes,Yes,Yes,No
Male,6.5,"JavaScript, Python, Problem Solving",ECE,1,74,4.2,No,No,No,No,No
Male,9.9,Teamwork,AI & DS,2,86,6.1,No,Yes,Yes,Yes,No
Male,9.2,"Teamwork, Communication",AI & ML,1,70,9.4,Yes,No,Yes,Yes,No
Female,7.5,Communication,CSBS,2,51,7.0,Yes,Yes,Yes,Yes,No
Female,8.5,"Teamwork, Java, Communication, Problem Solving",ECE,2,69,4.3,Yes,Yes,Yes,Yes,No
Female,9.3,C++,CSBS,1,71,9.9,Yes,Yes,Yes,Yes,No
Female,7.3,"Java, Python, HTML/CSS",MECH,1,78,9.4,Yes,Yes,Yes,Yes,No
Female,6.8,"Python, Problem Solving, JavaScript",AI & ML,2,92,9.1,No,No,No,No,No
Male,6.4,"Python, Teamwork",CCE,1,97,5.3,No,No,No,No,No
Male,7.8,Python,AI & ML,2,60,8.3,Yes,Yes,No,Yes,No
Female,7.0,"Communication, JavaScript, Problem Solving",ECE,2,75,7.1,Yes,No,Yes,Yes,No
Female,9.7,"Python, Java, JavaScript, Teamwork",ECE,2,98,6.0,Yes,Yes,Yes,Yes,No
Male,7.4,Teamwork,CSBS,1,99,5.9,Yes,Yes,Yes,No,No
Female,7.4,"HTML/CSS, C++, Python",ECE,0,55,9.2,Yes,Yes,Yes,Yes,No
Female,8.8,JavaScript,CSBS,0,76,5.5,No,Yes,Yes,Yes,No
Male,9.9,"Python, Teamwork, C++, HTML/CSS",CSBS,2,54,4.6,Yes,Yes,Yes,Yes,No
Male,6.0,JavaScript,CSBS,2,88,7.0,No,No,No,No,No
Female,7.5,Problem Solving,AI & DS,0,86,4.6,Yes,Yes,Yes,No,No
Female,7.6,"Python, Java, C++, JavaScript",AI & DS,1,86,4.6,Yes,Yes,Yes,No,No
Female,6.0,"Problem Solving, JavaScript",AI & DS,1,64,4.2,No,No,No,No,No
Female,7.8,"Communication, Problem Solving, Java",AI & ML,1,53,8.7,Yes,Yes,Yes,No,No
Male,8.2,Teamwork,CSBS,1,79,9.3,Yes,Yes,Yes,Yes,No
Female,7.1,"JavaScript, Teamwork, HTML/CSS",CSBS,1,82,3.8,Yes,Yes,Yes,No,No
Female,6.6,"HTML/CSS, Teamwork",MECH,1,62,9.3,No,No,No,No,No
Female,7.4,"Teamwork, Communication",CSBS,1,89,4.1,Yes,Yes,Yes,No,No
Male,7.7,Python,CCE,0,85,6.7,Yes,Yes,Yes,Yes,No
Female,9.5,"Problem Solving, Communication, Java",ECE,1,54,3.9,Yes,Yes,No,Yes,No
Female,9.2,"Communication, Problem Solving",AI & DS,1,62,7.4,Yes,Yes,Yes,Yes,No
Male,7.6,"Communication, JavaScript",AI & DS,0,52,5.4,Yes,Yes,Yes,Yes,No
Male,9.5,"Python, JavaScript, Communication, HTML/CSS",AI & DS,1,94,7.9,Yes,Yes,Yes,Yes,No
Male,6.9,"Problem Solving, HTML/CSS, Communication, JavaScript",CSBS,1,72,8.1,No,No,No,No,No
Female,8.9,"HTML/CSS, Python, Java",AI & DS,0,98,6.4,Yes,Yes,Yes,Yes,No
Female,6.1,"C++, JavaScript, HTML/CSS, Java",MECH,0,86,3.1,No,No,No,No,No
Female,9.2,"HTML/CSS, Teamwork, Communication, JavaScript",ECE,0,71,7.7,Yes,Yes,Yes,Yes,No
Male,6.7,"JavaScript, Python, Teamwork, Java",MECH,1,89,3.0,No,No,No,No,No
Male,9.8,"Java, Communication, HTML/CSS",CCE,2,97,6.9,Yes,Yes,Yes,Yes,No
Female,7.3,Java,AI & DS,1,73,9.8,Yes,Yes,No,Yes,No
Female,8.1,C++,CSBS,0,56,9.7,Yes,Yes,Yes,Yes,No
Male,7.6,"C++, Teamwork, HTML/CSS",CCE,0,59,9.2,Yes,Yes,Yes,Yes,No
Female,8.9,"Python, Communication, C++",AI & ML,2,56,9.3,Yes,Yes,Yes,Yes,No
Male,7.1,C++,AI & DS,2,95,7.7,Yes,Yes,Yes,Yes,No
Female,6.9,"Teamwork, HTML/CSS, Java, Python",CCE,2,76,6.6,No,No,No,No,No
Male,8.6,"Teamwork, Java, Communication",MECH,1,99,6.7,Yes,Yes,Yes,Yes,No
Male,6.0,"JavaScript, Python",MECH,1,90,9.3,No,No,No,No,No
Female,6.6,Teamwork,CSBS,2,75,6.6,No,No,No,No,No
Male,7.0,Problem Solving,ECE,2,57,9.0,No,Yes,Yes,No,No
Female,7.7,"Problem Solving, HTML/CSS, JavaScript",CSBS,0,58,4.4,No,No,No,No,No
Male,8.4,"Communication, Python",MECH,2,87,9.6,Yes,Yes,Yes,Yes,No
Male,6.0,HTML/CSS,MECH,0,71,9.5,No,No,No,No,No
Male,9.8,"Problem Solving, C++",ECE,0,93,5.1,Yes,Yes,Yes,Yes,No
Female,6.4,"Python, Java, C++, JavaScript",CCE,2,91,3.0,No,No,No,No,No
Female,7.1,"Python, Problem Solving, Teamwork",AI & DS,0,62,7.8,Yes,Yes,No,No,No
Male,9.5,"HTML/CSS, Java, Teamwork",ECE,0,97,4.7,Yes,Yes,Yes,Yes,No
Male,8.7,"Teamwork, Problem Solving, Communication",AI & DS,2,66,5.8,Yes,Yes,Yes,Yes,No
Male,9.5,"Communication, Problem Solving",AI & DS,2,91,4.3,Yes,Yes,Yes,Yes,No
Female,6.5,"JavaScript, Java",CCE,0,77,6.4,No,No,No,No,No
Male,6.9,"C++, Communication, Java",CSBS,1,76,3.2,No,No,No,No,No
Female,7.0,"C++, Communication, Java, Problem Solving",CSBS,0,68,3.4,No,No,No,No,No
Female,6.9,HTML/CSS,MECH,1,57,6.1,No,No,No,No,No
Female,7.9,"JavaScript, Teamwork",AI & DS,2,75,4.1,Yes,Yes,Yes,Yes,No
Male,9.7,"Teamwork, Communication",AI & ML,0,68,9.7,No,No,Yes,Yes,No
Male,8.4,HTML/CSS,CSBS,1,87,5.7,Yes,No,Yes,Yes,No
Male,7.0,"Teamwork, C++, Python",ECE,0,83,9.9,Yes,Yes,Yes,No,No
Female,6.9,"Problem Solving, Teamwork",AI & ML,0,72,6.3,No,No,No,No,No
Female,8.6,"Problem Solving, Python",CSBS,0,50,7.0,Yes,Yes,Yes,Yes,No
Female,9.3,"Teamwork, Communication, C++, JavaScript",AI & ML,1,97,6.0,Yes,Yes,Yes,Yes,No
Female,7.3,"Python, Problem Solving, Communication",CSBS,1,80,3.7,Yes,Yes,Yes,Yes,No
Female,7.8,"JavaScript, Teamwork",ECE,2,99,7.0,Yes,Yes,Yes,Yes,No
Female,6.2,"C++, Java, Communication, JavaScript",ECE,1,98,9.2,No,No,No,No,No
Male,9.2,C++,ECE,0,69,4.6,No,No,No,No,No
Female,7.5,"Problem Solving, HTML/CSS, Python",CCE,1,75,9.3,Yes,No,Yes,Yes,No
Female,9.6,"C++, Teamwork",MECH,1,73,9.4,Yes,Yes,Yes,Yes,No
Male,6.9,"HTML/CSS, C++, Java",CCE,2,88,9.0,No,No,No,No,No
Male,8.3,Communication,CSBS,2,56,3.2,Yes,Yes,Yes,Yes,No
Female,6.4,"Communication, JavaScript",AI & DS,2,70,6.4,No,No,No,No,No
Male,8.1,"HTML/CSS, Problem Solving, Java, C++",MECH,1,98,5.2,No,Yes,Yes,Yes,No
Male,9.3,HTML/CSS,MECH,0,53,4.1,No,No,No,No,No
Male,9.2,"JavaScript, C++, Teamwork, Python",CCE,1,52,5.1,Yes,Yes,Yes,Yes,No
Female,8.7,Communication,CSBS,2,70,7.9,Yes,Yes,Yes,Yes,No
Female,9.9,"Python, Teamwork, C++",CSBS,1,79,4.1,Yes,Yes,No,Yes,No
Female,10.0,JavaScript,CCE,1,87,4.4,Yes,No,Yes,Yes,No
Male,6.2,"Teamwork, HTML/CSS, Python",ECE,0,93,7.1,No,No,No,No,No
Female,7.7,"C++, Problem Solving, Java, JavaScript",ECE,0,52,10.0,Yes,Yes,Yes,Yes,No
Male,6.3,"Java, Python, Problem Solving",AI & DS,0,64,6.4,No,No,No,No,No
Male,10.0,"Problem Solving, Teamwork, JavaScript",MECH,1,99,6.9,Yes,Yes,Yes,Yes,No
Female,8.6,Communication,CSBS,0,90,6.6,Yes,Yes,Yes,Yes,No
Male,9.9,"HTML/CSS, Communication, Java, Teamwork",MECH,2,69,5.5,Yes,Yes,Yes,Yes,No
Male,8.5,C++,ECE,0,91,6.5,Yes,Yes,Yes,Yes,No
Male,6.7,"Problem Solving, HTML/CSS, Python, Java",MECH,1,60,8.6,No,No,No,No,No
Female,9.2,"JavaScript, Java, Teamwork",CSBS,2,94,5.8,Yes,Yes,Yes,Yes,No
Female,8.2,"Communication, C++",CSBS,2,67,5.6,Yes,Yes,Yes,Yes,No
Female,8.1,Teamwork,CSBS,0,84,7.4,Yes,Yes,Yes,No,No
Female,8.6,"Problem Solving, C++",AI & ML,1,57,9.2,Yes,No,Yes,Yes,No
Male,8.6,"C++, Java, Communication, Teamwork",CSBS,1,81,6.6,Yes,Yes,Yes,Yes,No
Female,9.0,"Python, Communication",AI & ML,2,91,8.0,Yes,Yes,Yes,Yes,No
Male,7.0,C++,CSBS,2,82,8.2,No,Yes,Yes,Yes,No
Female,6.9,"HTML/CSS, Communication, Java, Python",CCE,1,92,8.9,No,No,No,No,No
Female,8.7,Java,CCE,2,86,3.7,Yes,Yes,Yes,No,No
Female,8.6,"C++, JavaScript",CSBS,2,80,6.9,Yes,Yes,Yes,No,No
Female,7.3,"HTML/CSS, JavaScript, Teamwork",CSBS,0,90,4.9,Yes,No,Yes,Yes,No
Female,8.2,Java,ECE,2,73,9.6,Yes,Yes,Yes,Yes,No
Female,7.9,"Java, Teamwork, Problem Solving, HTML/CSS",CSBS,1,84,4.3,Yes,Yes,Yes,Yes,No
Female,7.7,Teamwork,CSBS,0,67,4.7,No,No,No,No,No
Male,7.4,"Problem Solving, Python, C++, Java",AI & ML,0,86,7.1,Yes,No,Yes,Yes,No
Male,9.8,"C++, Communication, Teamwork, Problem Solving",CSBS,0,56,8.7,Yes,No,Yes,No,No
Female,7.2,"Problem Solving, Communication, JavaScript",ECE,2,67,8.3,Yes,Yes,Yes,Yes,No
Male,9.0,Java,AI & ML,0,80,5.8,Yes,Yes,Yes,Yes,No
Male,9.9,"JavaScript, C++, Teamwork, Communication",CSBS,0,51,7.3,Yes,Yes,Yes,Yes,No
Male,6.7,Java,ECE,1,62,6.1,No,No,No,No,No
Female,8.4,"Teamwork, JavaScript, Problem Solving, HTML/CSS",ECE,2,87,4.9,Yes,Yes,Yes,Yes,No
Female,9.1,"Communication, Java",AI & ML,0,70,10.0,Yes,Yes,Yes,Yes,No
Male,8.7,Problem Solving,AI & ML,1,73,9.1,Yes,Yes,Yes,Yes,No
Female,6.6,"C++, Problem Solving, Python, Communication",CSBS,2,94,4.6,No,No,No,No,No
Female,6.3,"JavaScript, Problem Solving",AI & DS,1,67,6.1,No,No,No,No,No
Male,9.5,"Java, JavaScript",ECE,1,55,3.3,Yes,No,Yes,Yes,No
Female,8.7,"HTML/CSS, C++",CCE,2,92,8.1,Yes,Yes,Yes,Yes,No
Male,9.2,HTML/CSS,CSBS,2,89,3.4,Yes,Yes,Yes,Yes,No
Female,6.3,"C++, HTML/CSS",CCE,0,72,5.1,No,No,No,No,No
Female,7.4,Communication,MECH,2,91,10.0,Yes,Yes,Yes,Yes,No
Female,9.2,"Java, Problem Solving, Teamwork",AI & DS,2,61,4.6,Yes,Yes,Yes,Yes,No
Male,7.8,"Java, Problem Solving, HTML/CSS",AI & DS,0,97,9.1,No,Yes,Yes,Yes,No
Male,8.2,"HTML/CSS, Teamwork, Java",CSBS,2,69,6.6,Yes,No,Yes,Yes,No
Male,9.4,"JavaScript, Python",CSBS,0,52,6.6,Yes,Yes,No,Yes,No
Female,7.0,"JavaScript, Communication",AI & DS,1,90,5.8,Yes,Yes,Yes,Yes,No
Female,6.0,"Problem Solving, Java, C++, HTML/CSS",AI & DS,0,84,6.3,No,No,No,No,No
Male,7.8,"HTML/CSS, Problem Solving, Java",MECH,0,80,7.7,Yes,Yes,Yes,Yes,No
Male,6.3,Python,ECE,2,97,3.1,No,No,No,No,No
Male,8.0,C++,ECE,2,72,5.2,Yes,Yes,Yes,Yes,No
Female,6.1,"Java, JavaScript, Teamwork",CSBS,1,67,7.9,No,No,No,No,No
Female,6.7,Teamwork,MECH,0,79,9.0,No,No,No,No,No
Female,7.7,"Python, Java, JavaScript",MECH,1,65,4.9,Yes,Yes,Yes,Yes,No
Female,8.4,"Python, Teamwork",CCE,1,55,5.3,Yes,Yes,Yes,Yes,No
Female,9.6,"Teamwork, Problem Solving",CSBS,0,80,7.4,Yes,Yes,Yes,Yes,No
Female,6.4,"Communication, Python",CSBS,1,50,8.2,No,No,No,No,No
Male,7.9,"Python, Problem Solving",MECH,2,70,9.6,Yes,Yes,Yes,Yes,No
Female,10.0,"JavaScript, Python, Java, HTML/CSS",ECE,1,76,3.3,Yes,Yes,No,Yes,No
Male,9.1,JavaScript,CSBS,0,79,5.3,Yes,Yes,Yes,Yes,No
Male,9.1,HTML/CSS,CSBS,1,81,4.2,Yes,Yes,No,Yes,No
Female,6.3,"C++, Java, Problem Solving, Python",MECH,1,63,3.2,No,No,No,No,No
Female,7.1,"Communication, C++, Problem Solving",CSBS,0,94,9.0,Yes,Yes,Yes,Yes,No
Male,8.5,"Java, HTML/CSS",AI & ML,1,96,3.7,Yes,Yes,Yes,Yes,No
Female,9.7,"Teamwork, Java, Problem Solving, Communication",MECH,1,79,4.4,No,Yes,Yes,Yes,No
Female,9.1,"JavaScript, Python, HTML/CSS",ECE,2,51,7.2,Yes,No,Yes,Yes,No
Male,7.9,"Python, Communication",CSBS,2,95,7.5,No,No,Yes,No,No
Male,7.3,"Teamwork, C++, Problem Solving",ECE,1,63,9.1,Yes,Yes,Yes,No,No
Female,9.8,"Python, Teamwork",AI & ML,0,82,6.5,Yes,Yes,Yes,Yes,No
Female,7.6,"Communication, HTML/CSS, Problem Solving",ECE,0,98,4.6,Yes,No,Yes,Yes,No
Female,9.4,Problem Solving,CCE,1,68,3.4,Yes,Yes,Yes,Yes,No
Male,6.8,"JavaScript, Python, Communication, Teamwork",AI & DS,1,93,5.8,No,No,No,No,No
Male,7.1,"Problem Solving, HTML/CSS",MECH,1,67,3.6,Yes,Yes,Yes,Yes,No
Female,9.0,"Python, HTML/CSS",CCE,1,65,7.4,Yes,Yes,Yes,Yes,No
Female,7.7,"JavaScript, HTML/CSS, Teamwork, Python",CSBS,0,59,9.7,Yes,Yes,Yes,Yes,No
Male,7.6,"Communication, HTML/CSS, Teamwork, C++",MECH,2,59,4.2,Yes,Yes,Yes,Yes,No
Male,9.6,"HTML/CSS, JavaScript, Communication, Teamwork",CSBS,2,73,5.6,Yes,Yes,Yes,Yes,No
Male,9.2,"JavaScript, Java, Teamwork, HTML/CSS",MECH,2,65,7.6,Yes,Yes,Yes,Yes,No
Female,8.8,"JavaScript, HTML/CSS, Teamwork, Communication",AI & ML,1,65,5.8,No,Yes,Yes,Yes,No
Male,7.7,C++,CSBS,2,61,4.2,Yes,No,Yes,Yes,No
Male,9.5,"Communication, Teamwork, Java, Problem Solving",CCE,2,91,4.2,Yes,Yes,Yes,Yes,No
Male,6.3,"JavaScript, HTML/CSS, Communication",AI & ML,1,80,7.9,No,No,No,No,No
Male,8.5,"Java, JavaScript, Problem Solving, Python",CSBS,0,94,3.5,No,Yes,Yes,Yes,No
Female,8.5,"C++, HTML/CSS, Python",MECH,2,91,4.0,Yes,No,Yes,Yes,No
Female,7.1,Problem Solving,AI & ML,1,97,7.2,Yes,Yes,Yes,Yes,No
Female,8.2,"Java, Problem Solving, Communication",AI & ML,1,81,8.2,Yes,Yes,Yes,Yes,No
Female,6.6,"JavaScript, Java, Python",CSBS,0,96,3.3,No,No,No,No,No
Male,7.6,JavaScript,CCE,0,76,7.6,Yes,Yes,Yes,Yes,No
Male,8.6,"JavaScript, HTML/CSS, Java",CSBS,1,94,5.0,Yes,No,Yes,Yes,No
Male,8.2,"Java, Communication, Teamwork",MECH,1,61,7.2,Yes,Yes,Yes,No,No
Female,8.1,Java,CSBS,1,86,7.9,Yes,Yes,Yes,Yes,No
Male,9.6,"Python, Teamwork",CSBS,1,67,7.3,Yes,Yes,Yes,Yes,No
Male,9.9,Problem Solving,MECH,0,73,7.3,Yes,Yes,Yes,Yes,No
Male,9.9,"Java, Communication",CCE,1,87,3.6,Yes,Yes,Yes,Yes,No
Female,7.3,"Communication, Problem Solving, JavaScript",MECH,1,92,3.2,Yes,Yes,Yes,Yes,No
Female,7.8,"HTML/CSS, Teamwork, Communication, C++",MECH,2,94,7.3,Yes,Yes,No,Yes,No
Female,8.3,"C++, Python, Problem Solving, JavaScript",AI & DS,2,98,8.9,Yes,Yes,Yes,Yes,No
Male,8.9,HTML/CSS,AI & DS,0,65,4.9,No,No,No,No,No
Female,8.9,"C++, Communication",AI & DS,0,85,4.9,Yes,Yes,No,Yes,No
Female,7.2,"Teamwork, Communication, Problem Solving, Python",AI & DS,1,59,9.3,No,Yes,Yes,Yes,No
Male,9.4,"HTML/CSS, C++, Teamwork, Problem Solving",MECH,2,67,7.6,Yes,Yes,Yes,Yes,No
Male,6.4,"HTML/CSS, Communication, JavaScript",ECE,2,64,9.6,No,No,No,No,No
Female,6.6,Problem Solving,CCE,0,89,6.2,No,No,No,No,No
Male,9.1,"C++, Teamwork",AI & ML,0,90,4.3,Yes,Yes,Yes,Yes,No
Female,7.7,"JavaScript, HTML/CSS",CSBS,2,60,5.1,Yes,Yes,Yes,No,No
Male,6.8,"Problem Solving, JavaScript, Teamwork, Java",CSBS,1,73,7.0,No,No,No,No,No
Male,7.1,Communication,ECE,2,78,3.6,Yes,Yes,Yes,Yes,No
Female,7.1,JavaScript,CSBS,0,65,8.0,Yes,Yes,Yes,Yes,No
Female,10.0,"JavaScript, HTML/CSS",CSBS,2,89,6.3,Yes,No,No,Yes,No
Male,9.0,"Java, Python, Communication",ECE,2,62,4.5,Yes,Yes,No,Yes,No
Female,7.2,"Java, Python, HTML/CSS, Teamwork",CSBS,1,74,8.7,Yes,Yes,Yes,Yes,No
Female,6.0,"Problem Solving, JavaScript",AI & ML,0,60,3.2,No,No,No,No,No
Female,7.2,"Problem Solving, Java, Communication, HTML/CSS",CCE,0,65,4.0,No,No,No,No,No
Male,7.2,"HTML/CSS, Java, JavaScript, Python",CCE,0,51,4.9,No,No,No,No,No
Male,7.7,"Java, Problem Solving",ECE,1,95,6.0,Yes,No,Yes,Yes,No
Male,6.8,"C++, Teamwork, Communication, HTML/CSS",MECH,2,70,5.8,No,No,No,No,No
Female,9.5,Communication,MECH,2,57,9.7,Yes,Yes,Yes,Yes,No
Female,8.4,"C++, Communication, JavaScript",MECH,0,56,4.7,No,No,No,No,No
Male,8.6,"JavaScript, Problem Solving",CCE,2,99,5.6,Yes,Yes,Yes,Yes,No
Female,9.5,"Java, JavaScript, HTML/CSS, C++",ECE,2,52,9.4,Yes,Yes,Yes,No,No
Male,8.5,"Communication, Teamwork, Java",AI & ML,2,72,9.7,Yes,Yes,Yes,Yes,No
Female,9.0,"JavaScript, Java, Teamwork",CSBS,2,69,4.6,Yes,Yes,Yes,Yes,No
Female,8.8,"Java, JavaScript, C++, Communication",AI & DS,0,84,4.4,Yes,Yes,Yes,Yes,No
Male,8.4,"Problem Solving, Communication, JavaScript, HTML/CSS",ECE,1,94,5.4,Yes,No,Yes,Yes,No
Female,6.0,"Problem Solving, Java",CSBS,2,90,6.1,No,No,No,No,No
Male,7.6,"HTML/CSS, Teamwork",AI & ML,1,84,6.9,Yes,Yes,Yes,Yes,No
Female,8.7,"Problem Solving, HTML/CSS, C++",AI & ML,1,66,6.2,Yes,No,No,Yes,No
Male,8.3,C++,AI & DS,2,70,3.1,Yes,Yes,Yes,Yes,No
Female,7.8,"C++, Communication, Java, JavaScript",CSBS,1,55,4.2,Yes,Yes,Yes,Yes,No
Male,8.2,"JavaScript, C++, Python",CCE,1,82,3.5,Yes,Yes,Yes,Yes,No
Male,8.3,"Java, C++, JavaScript",CSBS,2,72,4.1,Yes,Yes,Yes,Yes,No
Female,8.1,"Communication, HTML/CSS, Teamwork, Problem Solving",CCE,2,89,4.0,Yes,Yes,Yes,Yes,No
Female,6.4,"Problem Solving, Python, C++",AI & DS,2,85,5.1,No,No,No,No,No
Female,6.6,"JavaScript, HTML/CSS",MECH,2,84,5.2,No,No,No,No,No
Female,6.0,"C++, Java, JavaScript",CSBS,2,57,7.8,No,No,No,No,No
Male,8.0,HTML/CSS,AI & DS,2,66,4.9,No,Yes,Yes,Yes,No
Female,7.8,Problem Solving,AI & ML,1,56,4.7,Yes,Yes,Yes,Yes,No
Male,7.6,Problem Solving,CSBS,0,73,4.9,Yes,Yes,Yes,Yes,No
Male,8.2,"HTML/CSS, C++",MECH,1,85,6.1,Yes,Yes,Yes,No,No
Male,7.9,"JavaScript, Teamwork, HTML/CSS",MECH,0,87,8.0,No,Yes,No,Yes,No
Female,6.1,"Teamwork, JavaScript, Communication",AI & ML,0,63,4.9,No,No,No,No,No
Male,6.3,"C++, Problem Solving, Java",CCE,2,94,8.4,No,No,No,No,No
Male,9.9,"Teamwork, Problem Solving",AI & DS,0,52,3.8,No,No,No,No,No
Female,8.7,"HTML/CSS, JavaScript, Communication",CSBS,0,71,7.2,No,Yes,Yes,No,No
Female,6.6,"Communication, Python",AI & DS,0,52,5.5,No,No,No,No,No
Male,9.9,"Problem Solving, Java, JavaScript",CSBS,1,86,8.5,No,Yes,Yes,Yes,No
Male,7.9,"JavaScript, Communication, HTML/CSS",AI & ML,2,72,3.8,Yes,Yes,Yes,Yes,No
Female,8.3,"Communication, JavaScript, Problem Solving, C++",ECE,2,94,4.5,Yes,Yes,Yes,Yes,No
Female,8.5,"Teamwork, Problem Solving",AI & ML,1,98,3.4,Yes,Yes,Yes,Yes,No
Female,8.1,JavaScript,ECE,0,72,5.4,Yes,Yes,Yes,Yes,No
Male,8.0,C++,MECH,0,81,5.2,No,No,No,No,No
Male,8.1,HTML/CSS,CCE,0,76,6.0,Yes,Yes,No,Yes,No
Female,9.9,"Communication, Python",AI & DS,1,94,8.6,Yes,Yes,Yes,Yes,No
Female,7.1,"Problem Solving, Teamwork, Java",CCE,2,97,9.6,No,Yes,Yes,Yes,No
Male,6.1,HTML/CSS,ECE,2,99,7.5,No,No,No,No,No
Female,6.8,"C++, JavaScript, Java",AI & DS,1,98,7.4,No,No,No,No,No
Male,8.8,"Python, Problem Solving, Teamwork, HTML/CSS",CSBS,1,56,5.0,Yes,No,Yes,Yes,No
Male,6.1,"Teamwork, C++, Communication, Problem Solving",AI & DS,1,98,5.6,No,No,No,No,No
Male,9.5,"C++, HTML/CSS, Communication, Teamwork",AI & ML,2,68,5.2,Yes,Yes,Yes,Yes,No
Male,8.2,"Teamwork, Python",CCE,0,59,9.6,Yes,Yes,No,Yes,No
Female,9.2,"Java, Problem Solving, C++, JavaScript",CSBS,0,59,3.9,No,No,No,No,No
Female,6.6,"Problem Solving, C++, Teamwork",CCE,2,85,6.6,No,No,No,No,No
Male,9.3,"Java, JavaScript, Python, HTML/CSS",CSBS,2,62,6.4,Yes,Yes,Yes,Yes,No
Female,7.0,Communication,ECE,1,91,8.4,Yes,Yes,Yes,Yes,No
Female,8.7,Java,CSBS,2,99,4.0,Yes,Yes,Yes,Yes,No
Female,7.8,"Communication, Python, C++",CSBS,1,80,4.0,No,No,No,Yes,No
Male,6.9,"Problem Solving, JavaScript",CSBS,1,84,7.0,No,No,No,No,No
Male,9.4,"Python, HTML/CSS, C++, Teamwork",CCE,0,98,9.3,Yes,Yes,Yes,No,No
Female,6.7,"HTML/CSS, Problem Solving",CCE,1,67,7.2,No,No,No,No,No
Male,7.9,"Problem Solving, Java, Python, JavaScript",CSBS,0,85,6.8,Yes,Yes,No,Yes,No
Male,8.1,JavaScript,CCE,2,76,9.3,Yes,Yes,Yes,Yes,No
Female,8.0,"Java, Communication, HTML/CSS, Python",AI & ML,2,73,6.1,Yes,Yes,Yes,Yes,No
Female,7.8,JavaScript,CSBS,0,97,9.5,Yes,Yes,Yes,Yes,No
Female,8.7,"Python, Teamwork, Java",ECE,2,69,8.8,Yes,Yes,Yes,Yes,No
Male,9.7,"JavaScript, Python, Problem Solving, Communication",AI & ML,2,91,7.0,Yes,No,Yes,Yes,No
Female,9.4,"C++, HTML/CSS, JavaScript",CSBS,2,51,3.6,Yes,Yes,Yes,Yes,No
Female,6.4,"Python, Problem Solving, HTML/CSS, C++",ECE,0,60,7.2,No,No,No,No,No
Male,6.0,JavaScript,CSBS,2,95,6.9,No,No,No,No,No
Male,7.4,"JavaScript, HTML/CSS, C++, Python",CCE,2,71,6.3,No,Yes,Yes,Yes,No
Female,9.9,JavaScript,ECE,1,99,8.3,Yes,Yes,Yes,Yes,No
Female,8.4,"Java, JavaScript, HTML/CSS",CSBS,1,87,9.8,Yes,Yes,Yes,Yes,No
Male,6.4,"HTML/CSS, Communication, Python, JavaScript",AI & DS,0,70,7.3,No,No,No,No,No
Male,9.7,HTML/CSS,CCE,1,60,3.8,Yes,Yes,Yes,Yes,No
Female,9.5,JavaScript,AI & DS,1,94,5.3,Yes,Yes,Yes,Yes,No
Male,9.4,Teamwork,CSBS,2,71,3.4,Yes,Yes,Yes,Yes,No
Female,9.9,"HTML/CSS, Teamwork, Problem Solving, Communication",CSBS,2,58,6.9,Yes,Yes,Yes,Yes,No
Female,9.7,"C++, HTML/CSS, Python",CCE,2,80,7.3,Yes,Yes,No,Yes,No
Female,9.9,"Teamwork, C++, HTML/CSS, Python",CSBS,1,74,5.3,No,Yes,Yes,Yes,No
Female,10.0,"Teamwork, Problem Solving, HTML/CSS, C++",ECE,0,51,4.8,No,No,No,No,No
Female,6.6,"Problem Solving, Teamwork, HTML/CSS",CSBS,1,66,8.2,No,No,No,No,No
Male,10.0,"Communication, Java, JavaScript",AI & DS,0,63,4.5,No,No,No,No,No
Male,6.6,Communication,ECE,1,62,6.0,No,No,No,No,No
Female,7.3,"Teamwork, Python, C++",CSBS,0,69,6.8,Yes,Yes,Yes,Yes,No
Male,8.2,"Problem Solving, JavaScript, Communication",AI & DS,1,51,9.7,Yes,Yes,Yes,Yes,No
Female,7.3,"Problem Solving, C++, Communication, Java",AI & ML,0,79,8.3,Yes,Yes,Yes,No,No
Male,8.1,Problem Solving,AI & ML,1,90,5.0,Yes,Yes,No,Yes,No
Female,7.9,"C++, HTML/CSS, Java",CSBS,2,67,4.7,Yes,Yes,Yes,Yes,No
Female,6.9,"Java, Python",AI & DS,0,74,5.8,No,No,No,No,No
Female,8.0,"Teamwork, JavaScript, Problem Solving",AI & ML,2,79,6.9,Yes,Yes,Yes,Yes,No
Female,7.3,"Python, Java, Communication",AI & DS,1,52,6.8,No,No,Yes,Yes,No
Female,8.2,"Java, Teamwork, JavaScript, C++",CSBS,0,96,5.0,Yes,Yes,Yes,Yes,No
Female,7.0,"HTML/CSS, C++, Problem Solving",AI & DS,1,66,4.2,Yes,Yes,Yes,Yes,No
Male,9.1,Teamwork,AI & DS,2,80,3.8,Yes,Yes,Yes,Yes,No
Male,6.9,"Problem Solving, C++, Teamwork",CSBS,1,52,7.6,No,No,No,No,No
Male,8.6,Java,CCE,1,67,7.7,Yes,No,Yes,Yes,No
Female,8.1,"Communication, C++, JavaScript, Java",CSBS,0,68,9.5,Yes,Yes,Yes,Yes,No
Female,8.1,"C++, JavaScript, HTML/CSS, Communication",AI & DS,0,57,3.6,No,No,No,No,No
Female,7.0,"Problem Solving, C++",AI & ML,2,84,6.0,Yes,Yes,No,Yes,No
Male,7.1,"Python, Java, HTML/CSS",MECH,1,91,6.3,Yes,Yes,Yes,Yes,No
Female,6.2,"Java, Problem Solving, Python",AI & DS,2,73,4.4,No,No,No,No,No
Male,6.3,"C++, JavaScript",CCE,2,94,6.0,No,No,No,No,No
Male,9.1,"Teamwork, JavaScript",CCE,1,72,7.5,Yes,Yes,Yes,No,No
Female,8.0,Teamwork,CSBS,0,93,7.3,Yes,Yes,Yes,Yes,No
Male,8.9,Teamwork,AI & ML,2,68,3.1,Yes,Yes,Yes,Yes,No
Female,9.3,"HTML/CSS, Teamwork, C++",AI & ML,2,78,9.9,Yes,Yes,Yes,Yes,No
Female,7.2,"Communication, Teamwork",CSBS,1,99,7.5,Yes,Yes,Yes,Yes,No
Female,7.4,"Java, C++, Teamwork, JavaScript",CSBS,2,81,9.0,No,Yes,Yes,Yes,No
Female,6.8,"C++, Java, Teamwork",CCE,1,99,6.3,No,No,No,No,No
Female,7.8,Python,CCE,2,59,5.9,Yes,Yes,Yes,Yes,No
Female,8.7,"Communication, Python",CCE,1,68,8.3,Yes,Yes,Yes,No,No
Male,9.0,"Java, JavaScript, Problem Solving, C++",ECE,0,56,4.8,No,No,No,No,No
Male,6.9,"Java, Communication, Teamwork",MECH,1,77,8.9,No,No,No,No,No
Female,7.5,"JavaScript, Communication",AI & DS,2,61,6.8,Yes,Yes,Yes,Yes,No
Female,7.9,Python,CSBS,1,88,3.8,Yes,Yes,Yes,Yes,No
Male,6.5,"Java, HTML/CSS",ECE,1,63,6.2,No,No,No,No,No
Male,9.1,"JavaScript, C++, Problem Solving",ECE,0,60,9.0,Yes,Yes,Yes,Yes,No
Male,8.2,"Problem Solving, C++, HTML/CSS",CSBS,1,62,6.5,Yes,Yes,Yes,Yes,No
Female,7.2,C++,MECH,1,75,6.5,Yes,Yes,Yes,No,No
Female,9.0,"JavaScript, HTML/CSS, Communication",MECH,2,96,7.3,Yes,Yes,Yes,Yes,No
Female,7.3,"C++, Communication",AI & DS,0,72,6.2,Yes,Yes,No,No,No
Female,9.9,Problem Solving,CCE,2,97,4.3,Yes,Yes,Yes,Yes,No
Male,9.4,"C++, Communication, Python",AI & ML,1,55,4.5,Yes,No,Yes,Yes,No
Male,8.2,"C++, Communication, Python, HTML/CSS",MECH,0,67,6.5,Yes,Yes,No,Yes,No
Male,8.6,"Problem Solving, JavaScript, HTML/CSS",MECH,0,70,9.8,Yes,Yes,Yes,Yes,No
Male,7.0,"JavaScript, HTML/CSS",CSBS,1,80,9.6,Yes,No,Yes,Yes,No
Male,8.8,"Python, C++, Teamwork, Communication",AI & ML,2,57,4.5,Yes,Yes,Yes,Yes,No
Male,9.5,"Problem Solving, Teamwork, Java",CCE,0,96,6.1,Yes,Yes,Yes,Yes,No
Female,7.4,"Java, HTML/CSS, JavaScript",AI & DS,0,54,8.7,No,Yes,Yes,Yes,No
Female,9.5,Python,MECH,2,71,6.5,Yes,Yes,Yes,Yes,No
Male,9.0,Teamwork,CSBS,0,97,7.7,Yes,Yes,Yes,Yes,No
Male,8.7,"Problem Solving, Teamwork, C++",AI & ML,2,66,4.2,Yes,Yes,Yes,Yes,No
Male,8.3,"Teamwork, HTML/CSS, Java",AI & DS,2,79,5.5,Yes,Yes,Yes,Yes,No
Male,7.1,"C++, Problem Solving, JavaScript, Communication",CSBS,1,98,8.3,Yes,Yes,Yes,Yes,No
Female,9.4,"Teamwork, HTML/CSS",AI & DS,0,93,5.2,Yes,Yes,Yes,No,No
Female,7.3,"HTML/CSS, Communication",CSBS,1,72,6.8,Yes,Yes,Yes,Yes,No
Female,7.1,HTML/CSS,CCE,1,84,3.9,Yes,Yes,Yes,Yes,No
Female,8.7,"Communication, Problem Solving, JavaScript, C++",CCE,2,52,9.7,Yes,Yes,Yes,Yes,No
Female,8.3,"Communication, Python, C++, Teamwork",CCE,0,84,6.4,Yes,Yes,Yes,Yes,No
Female,9.0,Python,AI & DS,0,59,8.6,Yes,Yes,Yes,Yes,No
Female,6.3,"Java, Python, Problem Solving",CSBS,2,70,9.6,No,No,No,No,No
Female,6.2,"Communication, Python",AI & DS,1,90,3.5,No,No,No,No,No
Female,7.7,Java,CSBS,2,68,7.9,Yes,Yes,Yes,Yes,No
Male,7.0,"Communication, Java, Problem Solving",AI & DS,1,56,7.1,Yes,Yes,Yes,Yes,No
Female,8.4,"JavaScript, HTML/CSS",ECE,0,91,4.0,Yes,Yes,Yes,Yes,No
Male,7.9,C++,CCE,2,50,4.5,Yes,Yes,Yes,Yes,No
Female,8.3,"Problem Solving, JavaScript, HTML/CSS, C++",CSBS,2,75,7.0,Yes,No,Yes,Yes,No
Female,8.0,JavaScript,AI & ML,2,81,5.6,Yes,Yes,No,Yes,No
Female,9.9,"Java, Problem Solving, Python, JavaScript",CSBS,2,57,6.8,Yes,Yes,No,Yes,No
Male,7.4,"HTML/CSS, C++",CCE,0,60,9.0,Yes,Yes,Yes,Yes,No
Male,7.8,"C++, Teamwork",ECE,0,95,5.1,Yes,Yes,Yes,Yes,No
Male,9.4,"Python, Java, Teamwork",AI & ML,1,55,5.1,Yes,Yes,Yes,Yes,No
Male,9.3,"HTML/CSS, Java, JavaScript",ECE,0,98,5.6,Yes,Yes,Yes,Yes,No
Female,8.2,"Teamwork, JavaScript, Problem Solving",AI & DS,2,64,8.0,Yes,Yes,Yes,Yes,No
Male,9.8,"Java, Problem Solving, C++, Communication",CCE,0,75,8.0,Yes,No,Yes,Yes,No
Female,9.9,"Problem Solving, Communication",AI & DS,2,92,7.8,Yes,Yes,Yes,Yes,No
Female,6.9,"C++, Java, HTML/CSS, Communication",CSBS,1,78,9.1,No,No,No,No,No
Female,9.0,Python,CCE,0,61,4.0,No,No,No,No,No
Male,8.2,C++,CSBS,1,87,9.3,Yes,Yes,Yes,Yes,No
Male,8.2,"Problem Solving, Java, Teamwork",CSBS,0,95,9.9,Yes,Yes,Yes,Yes,No
Male,6.8,"Problem Solving, JavaScript, Java",MECH,2,81,9.5,No,No,No,No,No
Male,9.2,"HTML/CSS, Problem Solving, Communication, Python",CSBS,1,92,5.7,Yes,No,No,Yes,No
Female,7.5,"Python, Communication",CSBS,2,93,8.4,Yes,Yes,Yes,Yes,No
Female,8.2,"HTML/CSS, Python, Problem Solving, JavaScript",AI & ML,2,96,8.1,No,Yes,Yes,No,No
Female,8.2,"Problem Solving, Communication, HTML/CSS",AI & DS,2,75,7.4,No,Yes,No,Yes,No
Female,6.5,Teamwork,AI & DS,2,69,6.5,No,No,No,No,No
Female,8.1,"C++, Java, JavaScript, Communication",AI & ML,1,74,8.2,Yes,No,Yes,Yes,No
Female,9.7,"C++, Communication, Teamwork, Problem Solving",CCE,1,52,4.7,Yes,Yes,Yes,Yes,No
Female,9.3,"Python, Teamwork, JavaScript",CCE,0,81,7.8,Yes,Yes,Yes,Yes,No
Female,7.3,"JavaScript, C++, Communication, Problem Solving",CSBS,0,64,7.4,Yes,Yes,Yes,Yes,No
Female,8.5,"Python, Problem Solving, JavaScript",CCE,1,99,7.8,Yes,Yes,Yes,Yes,No
Female,8.3,"C++, Teamwork, Problem Solving, JavaScript",AI & ML,1,75,7.1,Yes,Yes,Yes,Yes,No
Male,6.1,"Java, Python, Problem Solving",MECH,2,63,4.9,No,No,No,No,No
Male,6.8,Communication,CSBS,0,78,7.5,No,No,No,No,No
Female,9.8,"Problem Solving, Teamwork",CSBS,1,55,8.4,Yes,Yes,Yes,Yes,No
Male,6.7,"Communication, Java",ECE,1,79,9.4,No,No,No,No,No
Male,7.2,"Java, C++",AI & DS,1,99,8.0,Yes,Yes,Yes,Yes,No
Male,6.8,HTML/CSS,CCE,0,80,3.0,No,No,No,No,No
Male,6.1,"Communication, C++, Problem Solving, JavaScript",AI & DS,1,52,8.3,No,No,No,No,No
Female,9.4,"HTML/CSS, Teamwork, Java",CSBS,0,69,6.0,Yes,Yes,No,No,No
Male,8.8,"JavaScript, Teamwork, C++",AI & DS,2,80,5.2,Yes,No,Yes,No,No
Female,8.2,"Java, Teamwork",ECE,1,64,4.0,Yes,Yes,Yes,Yes,No
Female,10.0,Python,AI & ML,0,51,3.1,No,No,No,No,No
Male,9.1,"Java, Problem Solving",CSBS,0,59,5.2,Yes,Yes,Yes,Yes,No
Male,6.3,"Java, C++, JavaScript, Python",AI & ML,0,58,6.7,No,No,No,No,No
Male,9.6,"Teamwork, Communication, Python, Problem Solving",MECH,1,89,9.3,Yes,Yes,Yes,Yes,No
Female,8.0,"Teamwork, HTML/CSS, C++, Problem Solving",AI & ML,2,53,7.7,Yes,Yes,Yes,Yes,No
Male,7.8,"JavaScript, Python",MECH,0,62,7.4,Yes,Yes,Yes,Yes,No
Male,9.9,"Problem Solving, Python, Communication, HTML/CSS",MECH,2,54,5.7,Yes,Yes,Yes,Yes,No
Male,9.7,Teamwork,CSBS,2,69,8.4,Yes,Yes,Yes,Yes,No
Female,6.3,"JavaScript, Communication",MECH,2,96,8.9,No,No,No,No,No
Male,9.8,"JavaScript, Python, Communication, C++",CSBS,0,55,9.7,Yes,Yes,Yes,Yes,No
Male,8.8,"Communication, Java, HTML/CSS",AI & DS,0,68,9.9,No,Yes,Yes,Yes,No
Female,8.4,"Problem Solving, Communication, Teamwork, Python",ECE,2,74,10.0,No,Yes,No,Yes,No
Female,9.9,HTML/CSS,CSBS,2,50,3.3,Yes,Yes,Yes,Yes,No
Male,8.3,"JavaScript, Teamwork",ECE,0,50,6.0,Yes,Yes,No,No,No
Female,6.2,C++,CSBS,1,60,9.8,No,No,No,No,No
Female,6.1,JavaScript,CCE,2,79,9.5,No,No,No,No,No
Male,9.4,"HTML/CSS, Java, Teamwork",CSBS,2,66,4.6,Yes,Yes,Yes,Yes,No
Male,6.6,"Teamwork, HTML/CSS, Java, C++",CSBS,1,64,4.2,No,No,No,No,No
Male,6.2,"Teamwork, C++, Python, Java",CSBS,2,54,9.0,No,No,No,No,No
Female,6.6,"JavaScript, Problem Solving",ECE,1,69,7.8,No,No,No,No,No
Female,7.1,JavaScript,CSBS,1,89,4.7,Yes,Yes,Yes,Yes,No
Male,7.2,"Java, Teamwork",ECE,1,66,9.3,Yes,No,Yes,Yes,No
Male,8.6,"Java, Communication, HTML/CSS, C++",CSBS,1,79,7.1,Yes,Yes,No,Yes,No
Male,7.3,Java,CSBS,1,63,4.4,Yes,Yes,Yes,Yes,No
Female,9.6,"Communication, Python, JavaScript",MECH,2,88,7.7,Yes,Yes,Yes,Yes,No
Male,6.0,"Teamwork, Python",AI & DS,0,71,4.0,No,No,No,No,No
Female,6.5,C++,AI & ML,0,73,9.9,No,No,No,No,No
Female,8.1,"HTML/CSS, Problem Solving, Teamwork",CSBS,0,68,7.3,Yes,Yes,Yes,Yes,No
Male,7.1,"JavaScript, Communication, Problem Solving, HTML/CSS",CSBS,0,75,3.4,Yes,Yes,Yes,Yes,No
Male,6.1,"Problem Solving, Java",ECE,1,65,6.6,No,No,No,No,No
Female,7.1,"Communication, Problem Solving",CSBS,2,68,3.1,Yes,Yes,Yes,Yes,No
Female,9.5,Python,AI & ML,1,80,7.7,No,Yes,Yes,Yes,No
Male,8.8,"Teamwork, Problem Solving",CSBS,2,97,6.7,Yes,Yes,Yes,Yes,No
Female,8.1,"Problem Solving, C++",ECE,0,67,6.0,No,Yes,Yes,Yes,No
Male,6.2,"Teamwork, C++, Problem Solving",CSBS,2,87,3.7,No,No,No,No,No
Female,9.4,HTML/CSS,AI & DS,0,80,5.9,Yes,Yes,Yes,Yes,No
Male,8.0,"Teamwork, JavaScript, Problem Solving, C++",CSBS,2,54,8.2,Yes,Yes,Yes,Yes,No
Male,7.1,"HTML/CSS, Communication",CSBS,0,67,5.1,Yes,Yes,Yes,No,No
Male,8.4,"JavaScript, C++, Java, Problem Solving",CSBS,0,74,8.1,Yes,Yes,Yes,Yes,No
Male,6.9,"Teamwork, Python",CSBS,0,60,9.3,No,No,No,No,No
Female,8.9,HTML/CSS,AI & ML,0,50,7.6,Yes,Yes,Yes,Yes,No
Male,7.1,"Problem Solving, HTML/CSS, JavaScript",AI & ML,2,93,9.2,Yes,Yes,Yes,Yes,No
Female,9.4,"Communication, HTML/CSS",AI & ML,0,80,4.9,Yes,Yes,Yes,Yes,No
Female,8.8,"Communication, JavaScript, Python",CCE,0,82,3.5,Yes,Yes,Yes,Yes,No
Female,7.1,Communication,CCE,1,89,9.6,No,Yes,Yes,Yes,No
Male,9.9,JavaScript,ECE,1,61,3.8,No,Yes,Yes,Yes,No
Male,9.3,Teamwork,CSBS,0,77,3.1,Yes,Yes,Yes,Yes,No
Female,6.7,"HTML/CSS, Teamwork, C++, Problem Solving",ECE,1,62,3.0,No,No,No,No,No
Female,8.3,"Teamwork, Communication, Java, Python",AI & DS,0,90,5.4,Yes,Yes,Yes,Yes,No
Male,6.4,Java,ECE,2,92,6.6,No,No,No,No,No
Female,8.3,Problem Solving,AI & ML,0,55,3.3,No,No,No,No,No
Male,6.3,"HTML/CSS, Problem Solving, C++, JavaScript",ECE,0,62,8.6,No,No,No,No,No
Male,7.0,"Java, JavaScript, Problem Solving, Teamwork",MECH,0,67,3.7,No,No,No,No,No
Female,8.4,Teamwork,CSBS,0,84,4.4,No,Yes,Yes,Yes,No
Male,9.2,HTML/CSS,AI & ML,2,93,8.0,Yes,Yes,Yes,Yes,No
Male,8.1,"Teamwork, Python",CSBS,1,99,3.8,Yes,Yes,Yes,Yes,No
Male,9.5,"Problem Solving, Python",CSBS,1,89,9.4,Yes,Yes,Yes,Yes,No
Male,9.1,"Python, JavaScript",MECH,0,63,3.8,No,No,No,No,No
Male,9.9,"Problem Solving, Python",MECH,0,88,5.1,Yes,Yes,Yes,Yes,No
Female,8.7,"Communication, C++, Java",AI & ML,2,73,9.8,Yes,No,Yes,Yes,No
Male,8.1,"JavaScript, Communication, HTML/CSS, Teamwork",MECH,1,68,3.3,Yes,Yes,Yes,Yes,No
Male,7.7,"Teamwork, JavaScript",CSBS,1,64,7.3,No,Yes,Yes,Yes,No
Male,7.3,"Java, C++, Communication",ECE,1,97,3.4,Yes,Yes,Yes,Yes,No
Female,6.7,"Teamwork, Python, JavaScript",AI & ML,0,86,5.2,No,No,No,No,No
Male,9.0,"C++, JavaScript",AI & DS,0,57,7.1,Yes,Yes,Yes,Yes,No
Female,7.5,"C++, Java, Teamwork",ECE,2,57,8.6,No,Yes,Yes,Yes,No
Male,6.4,"Teamwork, Java, Communication, JavaScript",ECE,1,94,4.9,No,No,No,No,No
Female,8.1,Problem Solving,AI & DS,1,85,5.5,Yes,Yes,Yes,Yes,No
Female,7.5,"C++, Problem Solving",CSBS,0,88,3.3,Yes,Yes,Yes,Yes,No
Female,6.3,"C++, Python, Teamwork",MECH,0,68,5.4,No,No,No,No,No
Female,8.0,Teamwork,ECE,0,68,9.5,Yes,No,Yes,Yes,No
Male,8.0,Java,ECE,1,94,7.3,Yes,Yes,Yes,Yes,No
Female,6.3,"Python, C++, Teamwork",ECE,0,96,8.8,No,No,No,No,No
Male,8.0,"C++, HTML/CSS, Teamwork, Java",MECH,1,96,6.9,Yes,Yes,Yes,No,No
Male,9.4,Problem Solving,AI & ML,2,70,9.8,Yes,Yes,Yes,Yes,No
Female,9.7,"Python, JavaScript, Java, Communication",CSBS,2,53,9.7,No,Yes,Yes,Yes,No
Female,9.6,"HTML/CSS, Java, JavaScript",MECH,2,89,4.0,Yes,Yes,Yes,Yes,No
Male,8.2,"Python, Java",MECH,2,93,4.8,Yes,Yes,Yes,Yes,No
Male,8.2,"HTML/CSS, JavaScript",AI & DS,0,65,5.3,Yes,Yes,Yes,Yes,No
Female,6.4,"JavaScript, HTML/CSS",AI & ML,0,54,9.0,No,No,No,No,No
Female,9.9,"HTML/CSS, Python",AI & DS,0,73,5.0,Yes,No,Yes,Yes,No
Male,9.4,"Communication, HTML/CSS",CSBS,2,65,3.7,Yes,Yes,Yes,No,No
Male,8.6,"Communication, JavaScript",ECE,1,90,3.5,Yes,No,No,Yes,No
Female,6.9,"Problem Solving, Teamwork, JavaScript",AI & ML,1,60,7.8,No,No,No,No,No
Female,9.2,C++,AI & ML,1,55,3.5,Yes,Yes,Yes,Yes,No
Female,7.0,"Python, JavaScript, Problem Solving",AI & DS,1,98,7.0,Yes,Yes,Yes,Yes,No
Female,8.0,"Problem Solving, Communication",AI & DS,2,65,4.0,Yes,Yes,Yes,Yes,No
Male,7.8,Communication,ECE,2,72,6.7,Yes,Yes,Yes,Yes,No
Male,9.5,"Java, JavaScript",AI & ML,2,58,3.0,Yes,No,Yes,Yes,No
Male,7.2,"Python, HTML/CSS, C++",CSBS,1,77,4.3,Yes,Yes,No,Yes,No
Female,8.6,"Communication, JavaScript, Python, HTML/CSS",CSBS,0,55,4.0,No,No,No,No,No
Female,9.3,Problem Solving,CSBS,2,61,6.3,Yes,Yes,Yes,Yes,No
Female,7.6,"Problem Solving, Communication, HTML/CSS, Java",ECE,1,64,9.7,Yes,Yes,Yes,Yes,No
Male,8.1,"Communication, Teamwork",ECE,2,96,4.9,Yes,Yes,Yes,Yes,No
Male,8.5,Communication,CSBS,2,91,5.0,Yes,Yes,Yes,Yes,No
Female,8.0,"Java, HTML/CSS",CSBS,0,70,3.8,Yes,Yes,Yes,Yes,No
Male,6.0,"Communication, Teamwork, JavaScript",AI & DS,1,58,9.4,No,No,No,No,No
Male,8.6,"Java, Communication, HTML/CSS, C++",CSBS,2,93,4.7,Yes,No,No,Yes,No
Male,8.5,"C++, Teamwork, JavaScript, Python",CSBS,0,88,8.6,Yes,Yes,Yes,Yes,No
Male,9.4,"Problem Solving, C++",MECH,2,84,8.3,Yes,Yes,Yes,Yes,No
Female,9.4,"Communication, Teamwork",ECE,2,54,3.8,Yes,Yes,Yes,Yes,No
Male,8.6,"Java, Teamwork",ECE,0,83,3.2,No,No,Yes,Yes,No
Female,7.4,Java,CSBS,1,88,6.7,Yes,Yes,Yes,No,No
Female,7.7,"C++, HTML/CSS",MECH,0,94,3.7,Yes,Yes,Yes,Yes,No
Female,7.6,"Java, C++, Teamwork, Communication",ECE,0,53,3.2,No,No,No,No,No
Female,6.4,"Teamwork, HTML/CSS",CSBS,2,87,5.6,No,No,No,No,No
Female,6.8,"Python, C++, Java, JavaScript",CSBS,0,91,7.3,No,No,No,No,No
Female,7.9,"Java, C++",MECH,1,87,8.3,Yes,Yes,Yes,Yes,No
Male,6.3,"Problem Solving, Python",CCE,0,69,3.6,No,No,No,No,No
Male,9.0,"HTML/CSS, Python",CSBS,0,66,5.9,Yes,Yes,Yes,Yes,No
Female,6.5,"Problem Solving, Python, Java",ECE,1,77,6.0,No,No,No,No,No
Female,7.3,"Python, C++, Problem Solving",AI & DS,2,72,6.4,Yes,Yes,Yes,Yes,No
Male,6.1,Teamwork,AI & ML,2,70,8.2,No,No,No,No,No
Female,8.0,"C++, Communication, HTML/CSS, Python",CCE,2,89,8.3,Yes,Yes,Yes,Yes,No
Female,9.2,"Java, HTML/CSS, Communication, JavaScript",CCE,0,74,7.7,Yes,Yes,Yes,Yes,No
Male,6.6,"HTML/CSS, Teamwork, C++",AI & ML,2,85,8.8,No,No,No,No,No
Female,6.1,Java,CSBS,1,86,9.7,No,No,No,No,No
Female,7.5,HTML/CSS,ECE,1,83,9.9,Yes,Yes,Yes,Yes,No
Male,9.5,"Java, HTML/CSS",AI & DS,2,85,6.6,Yes,Yes,Yes,Yes,No
Male,7.1,Problem Solving,AI & DS,0,62,3.2,No,No,No,No,No
Male,9.2,"JavaScript, HTML/CSS, Java",MECH,1,63,9.6,Yes,Yes,Yes,Yes,No
Male,8.5,"Communication, Teamwork, C++",AI & DS,2,83,8.0,Yes,No,Yes,No,No
Male,9.5,"Problem Solving, JavaScript, Teamwork",MECH,0,55,5.1,Yes,Yes,Yes,Yes,No
Female,7.5,"HTML/CSS, Java, JavaScript",AI & DS,1,75,3.6,Yes,Yes,Yes,Yes,No
Male,8.4,"Communication, Python, JavaScript",CSBS,0,79,5.5,Yes,Yes,Yes,Yes,No
Female,7.3,"Communication, Problem Solving, Java",CSBS,1,61,6.1,Yes,Yes,No,No,No
Female,6.3,"Communication, Python",AI & DS,1,54,7.8,No,No,No,No,No
Male,7.3,"JavaScript, Java, C++, HTML/CSS",AI & ML,0,91,5.1,Yes,Yes,No,Yes,No
Female,6.8,JavaScript,CSBS,0,67,4.6,No,No,No,No,No
Female,7.3,"Python, Communication, JavaScript",MECH,0,95,4.0,Yes,No,Yes,Yes,No
Female,6.7,C++,AI & DS,1,69,5.6,No,No,No,No,No
Female,9.6,"C++, Problem Solving",AI & DS,2,97,3.4,No,Yes,Yes,Yes,No
Female,6.9,"Communication, Teamwork, JavaScript",CSBS,1,67,9.8,No,No,No,No,No
Male,8.7,"C++, Teamwork, JavaScript, Communication",CSBS,2,64,8.2,Yes,Yes,No,Yes,No
Male,7.1,Communication,ECE,1,90,8.7,Yes,Yes,Yes,Yes,No
Male,9.1,"JavaScript, Python",CCE,1,88,9.1,Yes,No,Yes,Yes,No
Male,7.2,"HTML/CSS, Communication, C++",MECH,2,95,8.5,Yes,Yes,Yes,Yes,No
Female,7.6,"JavaScript, Communication, C++, HTML/CSS",CSBS,1,70,5.7,Yes,Yes,No,No,No
Male,6.2,Problem Solving,CSBS,1,80,9.4,No,No,No,No,No
Female,7.1,HTML/CSS,MECH,2,54,6.2,Yes,Yes,Yes,No,No
Male,6.1,"HTML/CSS, Communication",CCE,0,88,6.3,No,No,No,No,No
Female,6.1,"JavaScript, Teamwork, Communication, HTML/CSS",AI & ML,1,88,4.6,No,No,No,No,No
Female,9.7,"Python, HTML/CSS, Teamwork, C++",AI & ML,0,57,8.9,Yes,Yes,Yes,Yes,No
Female,9.2,"Communication, C++, JavaScript",AI & ML,1,75,3.4,Yes,Yes,Yes,Yes,No
Male,9.3,"Communication, Python, HTML/CSS, Problem Solving",CCE,1,62,4.7,Yes,Yes,No,No,No
Male,7.4,Python,AI & DS,1,61,6.0,Yes,Yes,No,No,No
Male,6.5,"Python, C++",MECH,1,63,5.3,No,No,No,No,No
Female,7.2,Communication,CCE,0,60,3.1,No,No,No,No,No
Male,7.0,Python,ECE,1,90,8.3,Yes,Yes,Yes,Yes,No
Female,9.0,"Teamwork, Problem Solving, Java, Python",AI & DS,1,80,9.0,Yes,Yes,No,Yes,No
Male,9.0,"Communication, Problem Solving",CSBS,1,68,3.1,Yes,Yes,Yes,Yes,No
Male,10.0,"Problem Solving, JavaScript, C++",AI & DS,0,77,7.3,Yes,Yes,Yes,Yes,No
Male,7.9,C++,CSBS,0,87,6.4,Yes,Yes,Yes,Yes,No
Female,7.9,"C++, JavaScript, Problem Solving",ECE,1,91,6.8,Yes,Yes,Yes,Yes,No
Male,6.2,Python,ECE,2,89,8.7,No,No,No,No,No
Female,6.4,HTML/CSS,AI & DS,1,71,8.1,No,No,No,No,No
Female,9.5,"Teamwork, JavaScript, Problem Solving",MECH,0,64,3.6,No,No,No,No,No
Female,9.9,"Python, Teamwork",ECE,0,91,4.2,Yes,Yes,No,Yes,No
Male,10.0,"JavaScript, Problem Solving, Communication",CSBS,2,79,8.6,Yes,Yes,No,Yes,No
Female,6.8,Java,AI & DS,0,66,3.9,No,No,No,No,No
Female,7.2,"Problem Solving, Communication",CCE,0,66,9.0,Yes,Yes,Yes,Yes,No
Male,6.7,"Teamwork, HTML/CSS, Communication",AI & DS,1,97,6.0,No,No,No,No,No
Male,6.6,"Java, HTML/CSS, JavaScript",MECH,1,62,7.3,No,No,No,No,No
Female,8.3,"Python, Problem Solving, Teamwork, JavaScript",AI & ML,0,91,7.4,Yes,Yes,Yes,Yes,No
Male,9.1,"Communication, Java",AI & ML,1,72,3.3,Yes,Yes,Yes,Yes,No
Female,8.0,"JavaScript, Python, Communication",CSBS,1,62,5.3,Yes,Yes,Yes,Yes,No
Male,8.1,Python,CCE,1,88,6.4,Yes,Yes,No,Yes,No
Male,8.8,"Java, JavaScript, Python",MECH,2,75,7.7,Yes,No,Yes,Yes,No
Male,7.6,"Java, HTML/CSS, Problem Solving, Teamwork",CCE,1,97,3.6,Yes,No,Yes,No,No
Male,7.5,"JavaScript, Teamwork",AI & DS,0,55,8.2,Yes,Yes,No,Yes,No
Male,9.4,"HTML/CSS, Python, Teamwork",MECH,2,65,4.8,Yes,Yes,Yes,Yes,No
Female,6.5,"JavaScript, Communication, Java, HTML/CSS",ECE,2,78,7.8,No,No,No,No,No
Female,9.6,"Communication, Java, Python",MECH,1,57,10.0,Yes,Yes,Yes,Yes,No
Female,6.3,"HTML/CSS, Java",CSBS,0,57,7.2,No,No,No,No,No
Female,6.9,Python,ECE,1,59,7.0,No,No,No,No,No
Male,7.1,"HTML/CSS, Python",AI & DS,0,71,3.8,Yes,Yes,No,Yes,No
Male,8.5,"Teamwork, JavaScript",CSBS,0,69,3.4,No,No,No,No,No
Female,9.1,"Communication, Problem Solving, C++, HTML/CSS",CSBS,2,82,3.3,No,Yes,Yes,Yes,No
Male,6.9,"JavaScript, Teamwork",AI & DS,0,70,7.2,No,No,No,No,No
Female,9.2,"Communication, Teamwork, Problem Solving",MECH,1,87,5.5,Yes,No,Yes,Yes,No
Female,6.3,"Communication, Teamwork, JavaScript",CSBS,1,75,6.0,No,No,No,No,No
Female,8.5,Python,AI & ML,2,50,9.2,Yes,Yes,Yes,Yes,No
Male,7.0,"HTML/CSS, Problem Solving, JavaScript",AI & DS,2,59,6.1,Yes,Yes,Yes,Yes,No
Female,8.0,Communication,AI & DS,2,65,9.8,Yes,Yes,No,Yes,No
Male,9.7,"Teamwork, HTML/CSS",AI & ML,1,62,9.2,Yes,Yes,Yes,No,No
